draw_no,date,weekday,n1,n2,n3,n4,n5,star1,star2,jackpot,jackpot_wins
864,2016-01-01,,4,37,38,39,44,4,7,,
865,2016-01-05,,6,10,31,36,39,6,10,,
866,2016-01-08,,5,26,33,35,40,3,8,,
867,2016-01-12,,1,2,10,30,44,1,8,,
868,2016-01-15,,10,19,38,43,46,1,11,,
869,2016-01-19,,2,30,38,43,46,2,7,,
870,2016-01-22,,10,12,27,30,47,8,9,,
871,2016-01-26,,15,24,38,40,48,2,9,,
872,2016-01-29,,1,5,23,29,32,1,7,,
873,2016-02-02,,6,9,10,21,36,2,6,,
874,2016-02-05,,3,27,32,41,46,4,8,,
875,2016-02-09,,6,9,13,28,37,4,5,,
876,2016-02-12,,3,20,28,31,49,2,5,,
877,2016-02-16,,3,10,22,37,50,6,10,,
878,2016-02-19,,13,14,30,32,39,3,9,,
879,2016-02-23,,23,25,32,37,42,1,11,,
880,2016-02-26,,5,13,15,33,50,9,11,,
881,2016-03-01,,4,7,13,28,37,10,11,,
882,2016-03-04,,9,14,16,23,40,1,5,,
883,2016-03-08,,1,8,9,14,23,1,7,,
884,2016-03-11,,1,21,26,40,43,6,9,,
885,2016-03-15,,5,7,10,34,44,2,10,,
886,2016-03-18,,14,19,21,24,49,5,11,,
887,2016-03-22,,12,15,26,42,49,5,8,,
888,2016-03-25,,12,19,36,42,43,5,8,,
889,2016-03-29,,1,4,19,25,36,3,11,,
890,2016-04-01,,2,16,23,25,49,6,9,,
891,2016-04-05,,3,5,9,19,40,2,5,,
892,2016-04-08,,6,8,26,43,49,6,10,,
893,2016-04-12,,1,5,9,22,38,2,10,,
894,2016-04-15,,13,14,32,37,48,1,7,,
895,2016-04-19,,11,14,15,27,44,2,7,,
896,2016-04-22,,17,26,32,34,43,2,10,,
897,2016-04-26,,10,17,31,32,42,2,5,,
898,2016-04-29,,4,5,25,28,43,6,11,,
899,2016-05-03,,8,23,24,34,38,3,7,,
900,2016-05-06,,32,34,40,45,48,1,10,,
901,2016-05-10,,2,26,27,40,49,5,10,,
902,2016-05-13,,7,15,28,31,42,10,11,,
903,2016-05-17,,15,27,32,36,39,3,10,,
904,2016-05-20,,9,14,30,41,45,4,9,,
905,2016-05-24,,16,17,23,34,37,6,9,,
906,2016-05-27,,13,25,27,43,46,4,8,,
907,2016-05-31,,6,12,26,30,48,6,7,,
908,2016-06-03,,7,23,31,33,39,6,10,,
909,2016-06-07,,19,26,35,45,49,2,5,,
910,2016-06-10,,14,21,35,42,43,7,9,,
911,2016-06-14,,13,34,39,42,50,9,11,,
912,2016-06-17,,1,7,18,27,43,4,8,,
913,2016-06-21,,5,17,32,35,49,1,5,,
914,2016-06-24,,11,19,27,28,39,3,10,,
915,2016-06-28,,26,32,37,43,49,4,5,,
916,2016-07-01,,2,11,13,40,50,1,10,,
917,2016-07-05,,1,10,29,38,48,3,4,,
918,2016-07-08,,8,12,18,33,44,4,8,,
919,2016-07-12,,3,7,26,33,41,2,10,,
920,2016-07-15,,2,11,13,14,21,1,8,,
921,2016-07-19,,19,24,28,36,37,3,6,,
922,2016-07-22,,7,24,26,37,45,5,9,,
923,2016-07-26,,3,10,13,45,49,2,11,,
924,2016-07-29,,1,21,26,40,50,2,4,,
925,2016-08-02,,2,8,27,38,46,2,6,,
926,2016-08-05,,16,19,24,35,37,2,7,,
927,2016-08-09,,12,19,43,44,45,5,10,,
928,2016-08-12,,2,15,28,36,50,2,11,,
929,2016-08-16,,2,26,34,37,46,4,8,,
930,2016-08-19,,5,6,22,25,34,5,7,,
931,2016-08-23,,2,23,31,37,45,4,8,,
932,2016-08-26,,1,9,28,30,48,7,8,,
933,2016-08-30,,13,16,29,35,42,6,8,,
934,2016-09-02,,8,16,32,40,50,2,11,,
935,2016-09-06,,12,24,30,34,45,7,10,,
936,2016-09-09,,4,11,15,17,28,1,3,,
937,2016-09-13,,4,7,16,35,44,1,3,,
938,2016-09-16,,5,8,14,22,32,2,11,,
939,2016-09-20,,1,4,10,41,45,6,9,,
940,2016-09-23,,14,16,39,42,49,3,9,,
941,2016-09-27,,6,9,13,39,41,2,12,,
942,2016-09-30,,17,35,37,43,44,2,10,,
943,2016-10-04,,4,7,14,34,38,4,11,,
944,2016-10-07,,2,12,20,27,30,9,11,,
945,2016-10-11,,5,12,20,24,37,4,11,,
946,2016-10-14,,7,13,19,31,34,1,11,,
947,2016-10-18,,2,17,21,25,27,6,9,,
948,2016-10-21,,9,20,23,44,48,8,10,,
949,2016-10-25,,3,15,20,21,28,1,5,,
950,2016-10-28,,10,16,19,23,43,2,8,,
951,2016-11-01,,6,10,20,29,37,1,9,,
952,2016-11-04,,7,11,12,44,48,3,7,,
953,2016-11-08,,5,9,47,49,50,8,9,,
954,2016-11-11,,3,22,23,38,49,2,9,,
955,2016-11-15,,7,15,36,42,48,3,7,,
956,2016-11-18,,3,12,27,32,47,6,8,,
957,2016-11-22,,5,10,33,34,47,2,10,,
958,2016-11-25,,5,11,17,23,28,10,11,,
959,2016-11-29,,21,26,27,28,38,9,11,,
960,2016-12-02,,6,11,23,31,32,2,12,,
961,2016-12-06,,1,7,11,27,45,4,9,,
962,2016-12-09,,6,12,28,37,40,1,5,,
963,2016-12-13,,14,28,29,48,50,2,8,,
964,2016-12-16,,6,10,30,41,45,4,11,,
965,2016-12-20,,13,15,17,21,27,2,3,,
966,2016-12-23,,4,16,20,39,46,2,5,,
967,2016-12-27,,3,22,25,32,39,7,12,,
968,2016-12-30,,8,10,22,29,47,1,3,,
969,2017-01-03,,19,23,27,34,49,1,11,,
970,2017-01-06,,10,14,18,21,49,9,11,,
971,2017-01-10,,2,11,29,35,44,4,9,,
972,2017-01-13,,3,7,16,26,50,4,7,,
973,2017-01-17,,4,16,25,43,47,2,10,,
974,2017-01-20,,10,17,27,31,49,3,5,,
975,2017-01-24,,1,5,7,17,23,3,8,,
976,2017-01-27,,17,20,28,45,48,5,9,,
977,2017-01-31,,3,4,17,23,44,6,9,,
978,2017-02-03,,3,4,15,46,50,5,9,,
979,2017-02-07,,4,10,31,38,44,8,10,,
980,2017-02-10,,7,21,26,35,43,2,9,,
981,2017-02-14,,2,10,24,40,44,3,10,,
982,2017-02-17,,19,25,33,36,48,2,9,,
983,2017-02-21,,13,19,41,45,49,3,4,,
984,2017-02-24,,2,4,13,22,43,8,9,,
985,2017-02-28,,10,20,31,35,42,2,12,,
986,2017-03-03,,2,11,29,30,47,1,12,,
987,2017-03-07,,6,37,41,48,50,4,5,,
988,2017-03-10,,31,36,38,47,49,8,11,,
989,2017-03-14,,3,5,21,36,44,3,6,,
990,2017-03-17,,6,10,19,29,36,3,9,,
991,2017-03-21,,1,20,23,44,47,4,11,,
992,2017-03-24,,2,17,21,27,34,5,9,,
993,2017-03-28,,9,13,31,33,46,6,10,,
994,2017-03-31,,17,24,26,28,45,4,12,,
995,2017-04-04,,1,9,24,33,34,2,6,,
996,2017-04-07,,2,10,19,35,50,6,7,,
997,2017-04-11,,5,21,22,31,49,2,8,,
998,2017-04-14,,4,14,20,23,33,6,10,,
999,2017-04-18,,17,22,31,38,45,5,12,,
1000,2017-04-21,,2,13,16,22,49,4,5,,
1001,2017-04-25,,9,11,19,32,43,3,9,,
1002,2017-04-28,,14,20,25,30,39,2,8,,
1003,2017-05-02,,6,19,23,25,27,11,12,,
1004,2017-05-05,,3,7,30,35,43,1,3,,
1005,2017-05-09,,8,12,16,22,26,6,7,,
1006,2017-05-12,,2,20,28,29,44,3,9,,
1007,2017-05-16,,8,11,15,20,30,3,8,,
1008,2017-05-19,,9,11,12,19,30,4,9,,
1009,2017-05-23,,8,15,25,27,42,1,4,,
1010,2017-05-26,,5,7,26,36,39,2,10,,
1011,2017-05-30,,7,12,27,38,48,6,9,,
1012,2017-06-02,,8,10,24,33,42,3,9,,
1013,2017-06-06,,20,22,25,37,40,3,7,,
1014,2017-06-09,,9,20,27,39,43,10,11,,
1015,2017-06-13,,3,12,22,27,49,4,11,,
1016,2017-06-16,,15,17,38,41,42,9,12,,
1017,2017-06-20,,11,18,26,43,44,8,10,,
1018,2017-06-23,,3,4,21,31,38,3,7,,
1019,2017-06-27,,9,17,21,28,45,1,3,,
1020,2017-06-30,,17,35,39,47,50,6,8,,
1021,2017-07-04,,10,22,25,37,49,5,8,,
1022,2017-07-07,,11,20,35,37,45,3,6,,
1023,2017-07-11,,14,22,26,42,50,8,10,,
1024,2017-07-14,,11,14,20,21,47,7,10,,
1025,2017-07-18,,1,25,27,41,45,5,7,,
1026,2017-07-21,,1,8,9,26,49,5,9,,
1027,2017-07-25,,12,14,43,44,48,2,11,,
1028,2017-07-28,,5,9,29,31,41,2,4,,
1029,2017-08-01,,14,21,24,29,30,8,10,,
1030,2017-08-04,,29,30,36,40,41,2,9,,
1031,2017-08-08,,15,25,26,40,41,4,5,,
1032,2017-08-11,,18,28,39,46,48,5,12,,
1033,2017-08-15,,10,14,30,35,46,4,10,,
1034,2017-08-18,,2,24,39,42,45,2,8,,
1035,2017-08-22,,3,10,12,17,27,3,5,,
1036,2017-08-25,,1,5,7,15,47,9,12,,
1037,2017-08-29,,4,12,15,32,38,1,5,,
1038,2017-09-01,,3,7,8,14,49,5,8,,
1039,2017-09-05,,6,9,18,28,29,1,9,,
1040,2017-09-08,,9,24,42,47,49,1,5,,
1041,2017-09-12,,10,17,27,29,35,4,11,,
1042,2017-09-15,,13,18,37,44,49,9,12,,
1043,2017-09-19,,1,8,21,30,45,2,3,,
1044,2017-09-22,,6,11,31,39,42,1,3,,
1045,2017-09-26,,1,29,40,41,48,6,12,,
1046,2017-09-29,,7,18,19,32,48,3,7,,
1047,2017-10-03,,6,24,32,48,50,1,5,,
1048,2017-10-06,,1,9,15,19,25,1,7,,
1049,2017-10-10,,4,21,34,36,37,3,6,,
1050,2017-10-13,,23,29,37,45,50,5,11,,
1051,2017-10-17,,13,17,19,26,36,2,3,,
1052,2017-10-20,,4,17,23,27,30,3,8,,
1053,2017-10-24,,9,11,13,27,33,7,10,,
1054,2017-10-27,,3,16,23,32,39,1,4,,
1055,2017-10-31,,1,12,36,43,46,3,5,,
1056,2017-11-03,,5,12,17,33,41,4,9,,
1057,2017-11-07,,7,19,20,37,41,2,12,,
1058,2017-11-10,,13,22,29,36,37,1,9,,
1059,2017-11-14,,14,16,39,40,41,8,10,,
1060,2017-11-17,,20,26,35,36,42,5,12,,
1061,2017-11-21,,2,10,14,28,31,5,7,,
1062,2017-11-24,,19,24,28,30,50,3,10,,
1063,2017-11-28,,1,6,12,18,42,2,7,,
1064,2017-12-01,,5,24,29,35,46,11,12,,
1065,2017-12-05,,11,36,43,44,48,2,7,,
1066,2017-12-08,,4,22,30,32,34,3,4,,
1067,2017-12-12,,20,37,39,44,50,4,8,,
1068,2017-12-15,,25,30,31,42,50,2,11,,
1069,2017-12-19,,8,15,30,38,46,4,7,,
1070,2017-12-22,,5,24,30,31,43,3,6,,
1071,2017-12-26,,4,17,30,43,44,2,10,,
1072,2017-12-29,,4,8,22,23,48,1,12,,
1073,2018-01-02,,10,20,21,28,48,1,8,,
1074,2018-01-05,,2,5,20,38,41,4,8,,
1075,2018-01-09,,6,12,15,38,49,2,9,,
1076,2018-01-12,,13,21,23,30,45,4,6,,
1077,2018-01-16,,20,23,31,34,46,3,12,,
1078,2018-01-19,,3,8,17,44,50,2,7,,
1079,2018-01-23,,5,8,9,23,24,7,8,,
1080,2018-01-26,,6,15,24,28,48,4,9,,
1081,2018-01-30,,11,15,21,27,35,4,5,,
1082,2018-02-02,,14,34,36,39,48,2,3,,
1083,2018-02-06,,8,17,28,34,38,6,12,,
1084,2018-02-09,,22,31,36,38,44,1,11,,
1085,2018-02-13,,10,13,17,21,44,1,10,,
1086,2018-02-16,,10,12,23,32,50,4,10,,
1087,2018-02-20,,6,14,19,25,29,5,11,,
1088,2018-02-23,,10,17,18,28,47,3,7,,
1089,2018-02-27,,3,31,41,48,50,8,11,,
1090,2018-03-02,,2,7,34,45,48,1,12,,
1091,2018-03-06,,15,20,26,31,44,2,9,,
1092,2018-03-09,,9,14,21,32,44,1,12,,
1093,2018-03-13,,9,11,13,33,49,6,12,,
1094,2018-03-16,,4,17,24,27,31,10,11,,
1095,2018-03-20,,26,29,37,39,44,9,11,,
1096,2018-03-23,,5,7,11,46,50,8,11,,
1097,2018-03-27,,17,20,23,40,46,9,10,,
1098,2018-03-30,,12,17,28,35,47,7,11,,
1099,2018-04-03,,3,8,16,40,43,5,8,,
1100,2018-04-06,,1,29,33,45,47,4,8,,
1101,2018-04-10,,14,27,39,46,48,11,12,,
1102,2018-04-13,,5,25,34,48,50,6,7,,
1103,2018-04-17,,15,27,33,39,50,4,6,,
1104,2018-04-20,,3,16,25,39,44,7,11,,
1105,2018-04-24,,20,23,28,30,44,3,7,,
1106,2018-04-27,,12,24,40,41,46,5,12,,
1107,2018-05-01,,6,15,17,42,48,4,6,,
1108,2018-05-04,,6,12,23,39,45,9,12,,
1109,2018-05-08,,17,25,35,39,44,2,5,,
1110,2018-05-11,,3,22,34,49,50,8,11,,
1111,2018-05-15,,4,16,20,31,39,2,12,,
1112,2018-05-18,,5,8,10,13,31,3,6,,
1113,2018-05-22,,1,11,37,41,48,8,12,,
1114,2018-05-25,,13,15,16,28,41,4,5,,
1115,2018-05-29,,6,11,20,38,43,2,4,,
1116,2018-06-01,,17,18,24,29,40,4,5,,
1117,2018-06-05,,9,15,22,39,46,4,5,,
1118,2018-06-08,,8,19,32,43,46,2,8,,
1119,2018-06-12,,7,21,23,36,38,6,8,,
1120,2018-06-15,,23,26,33,38,49,1,12,,
1121,2018-06-19,,7,19,26,42,50,4,9,,
1122,2018-06-22,,14,25,39,41,44,2,8,,
1123,2018-06-26,,15,16,20,34,50,4,7,,
1124,2018-06-29,,15,21,23,40,48,3,12,,
1125,2018-07-03,,1,12,15,29,48,3,5,,
1126,2018-07-06,,8,30,33,38,48,2,10,,
1127,2018-07-10,,3,8,26,33,45,7,10,,
1128,2018-07-13,,1,4,14,21,49,2,12,,
1129,2018-07-17,,4,6,27,48,50,1,11,,
1130,2018-07-20,,2,15,40,43,46,3,6,,
1131,2018-07-24,,2,4,23,39,40,3,9,,
1132,2018-07-27,,11,17,22,23,41,6,11,,
1133,2018-07-31,,20,25,34,42,45,6,11,,
1134,2018-08-03,,7,26,36,38,43,6,12,,
1135,2018-08-07,,16,28,29,30,36,8,10,,
1136,2018-08-10,,18,20,36,43,44,3,9,,
1137,2018-08-14,,1,15,18,25,31,9,11,,
1138,2018-08-17,,2,15,18,24,43,8,12,,
1139,2018-08-21,,16,23,42,43,49,10,12,,
1140,2018-08-24,,3,14,31,36,50,1,12,,
1141,2018-08-28,,4,16,32,42,46,8,12,,
1142,2018-08-31,,4,30,31,38,42,4,6,,
1143,2018-09-04,,5,14,28,30,47,4,11,,
1144,2018-09-07,,4,23,27,31,50,1,8,,
1145,2018-09-11,,9,18,32,38,46,2,3,,
1146,2018-09-14,,1,3,33,40,45,3,4,,
1147,2018-09-18,,3,8,10,32,45,4,12,,
1148,2018-09-21,,5,7,21,25,37,3,4,,
1149,2018-09-25,,6,15,20,30,38,4,7,,
1150,2018-09-28,,2,4,8,27,50,2,9,,
1151,2018-10-02,,7,17,29,37,45,3,11,,
1152,2018-10-05,,8,16,24,26,35,3,11,,
1153,2018-10-09,,3,12,36,44,45,8,11,,
1154,2018-10-12,,4,9,12,31,43,5,8,,
1155,2018-10-16,,15,28,37,40,42,1,6,,
1156,2018-10-19,,1,3,29,47,48,3,12,,
1157,2018-10-23,,1,2,5,21,32,2,12,,
1158,2018-10-26,,5,18,21,31,35,6,9,,
1159,2018-10-30,,17,23,27,43,44,1,12,,
1160,2018-11-02,,5,15,17,37,44,7,11,,
1161,2018-11-06,,14,24,36,40,43,2,9,,
1162,2018-11-09,,14,17,32,37,49,11,12,,
1163,2018-11-13,,2,7,10,13,42,3,6,,
1164,2018-11-16,,9,10,13,28,41,1,12,,
1165,2018-11-20,,6,19,39,45,48,7,12,,
1166,2018-11-23,,5,8,25,26,30,3,10,,
1167,2018-11-27,,4,16,17,18,32,2,11,,
1168,2018-11-30,,3,10,12,23,26,1,12,,
1169,2018-12-04,,19,20,21,42,45,8,9,,
1170,2018-12-07,,11,17,26,37,48,1,10,,
1171,2018-12-11,,4,7,13,23,42,1,3,,
1172,2018-12-14,,12,29,38,42,44,2,12,,
1173,2018-12-18,,1,9,18,39,48,5,7,,
1174,2018-12-21,,2,12,15,34,50,3,4,,
1175,2018-12-25,,4,5,8,31,43,2,9,,
1176,2018-12-28,,13,16,34,35,45,10,12,,
1177,2019-01-01,,1,8,11,25,28,4,6,,
1178,2019-01-04,,7,11,19,27,37,6,10,,
1179,2019-01-08,,3,19,22,31,32,2,11,,
1180,2019-01-11,,1,19,31,39,48,1,6,,
1181,2019-01-15,,22,25,29,33,35,3,6,,
1182,2019-01-18,,5,6,16,30,46,5,10,,
1183,2019-01-22,,9,23,29,41,49,8,10,,
1184,2019-01-25,,1,6,13,15,16,6,10,,
1185,2019-01-29,,14,24,26,32,39,3,8,,
1186,2019-02-01,,3,21,26,41,46,1,6,,
1187,2019-02-05,,14,25,31,37,43,2,3,,
1188,2019-02-08,,11,12,13,39,46,7,10,,
1189,2019-02-12,,6,34,36,41,50,1,5,,
1190,2019-02-15,,15,27,34,38,49,2,10,,
1191,2019-02-19,,1,8,18,19,39,7,9,,
1192,2019-02-22,,3,27,29,33,50,3,7,,
1193,2019-02-26,,3,15,29,35,47,3,4,,
1194,2019-03-01,,6,9,19,26,31,11,12,,
1195,2019-03-05,,6,10,16,39,46,8,11,,
1196,2019-03-08,,17,18,19,24,40,4,8,,
1197,2019-03-12,,5,7,13,19,31,2,9,,
1198,2019-03-15,,3,15,24,42,46,9,12,,
1199,2019-03-19,,1,6,9,34,47,7,12,,
1200,2019-03-22,,4,17,26,30,43,6,11,,
1201,2019-03-26,,12,19,23,43,47,2,6,,
1202,2019-03-29,,13,23,26,32,47,6,10,,
1203,2019-04-02,,2,9,16,26,36,6,7,,
1204,2019-04-05,,1,7,10,29,45,3,5,,
1205,2019-04-09,,18,21,29,38,41,1,11,,
1206,2019-04-12,,1,28,35,36,46,6,9,,
1207,2019-04-16,,1,8,15,44,49,2,11,,
1208,2019-04-19,,7,8,32,41,49,5,11,,
1209,2019-04-23,,18,23,27,42,44,2,7,,
1210,2019-04-26,,14,33,35,47,50,9,11,,
1211,2019-04-30,,5,12,20,26,48,2,11,,
1212,2019-05-03,,2,9,20,27,43,5,6,,
1213,2019-05-07,,7,20,26,32,47,2,11,,
1214,2019-05-10,,1,4,27,45,48,1,7,,
1215,2019-05-14,,10,14,17,25,50,2,10,,
1216,2019-05-17,,16,28,42,43,45,6,7,,
1217,2019-05-21,,32,33,34,39,47,8,12,,
1218,2019-05-24,,5,16,23,30,49,6,7,,
1219,2019-05-28,,7,19,20,28,29,1,5,,
1220,2019-05-31,,1,23,24,26,35,1,11,,
1221,2019-06-04,,9,31,32,39,41,2,8,,
1222,2019-06-07,,1,4,16,20,34,2,5,,
1223,2019-06-11,,25,27,39,42,46,11,12,,
1224,2019-06-14,,1,13,30,31,39,2,7,,
1225,2019-06-18,,12,24,37,40,44,3,7,,
1226,2019-06-21,,5,8,9,25,39,3,7,,
1227,2019-06-25,,6,26,27,34,46,1,9,,
1228,2019-06-28,,1,3,16,33,49,2,11,,
1229,2019-07-02,,11,19,29,44,45,8,12,,
1230,2019-07-05,,2,9,20,34,42,6,9,,
1231,2019-07-09,,7,29,32,36,41,6,7,,
1232,2019-07-12,,2,31,39,45,47,4,8,,
1233,2019-07-16,,3,5,13,18,39,7,8,,
1234,2019-07-19,,13,14,17,26,28,2,7,,
1235,2019-07-23,,1,14,19,23,38,3,7,,
1236,2019-07-26,,2,5,27,37,42,3,10,,
1237,2019-07-30,,15,20,23,27,40,3,6,,
1238,2019-08-02,,13,22,33,44,50,2,5,,
1239,2019-08-06,,12,13,29,36,38,4,12,,
1240,2019-08-09,,2,14,35,41,42,10,11,,
1241,2019-08-13,,13,29,31,33,40,2,3,,
1242,2019-08-16,,9,10,27,37,42,1,5,,
1243,2019-08-20,,20,22,23,24,37,1,4,,
1244,2019-08-23,,4,17,35,42,45,2,8,,
1245,2019-08-27,,8,26,35,43,47,1,9,,
1246,2019-08-30,,25,27,45,46,49,4,6,,
1247,2019-09-03,,7,11,38,39,44,7,10,,
1248,2019-09-06,,10,13,22,40,48,2,5,,
1249,2019-09-10,,3,22,25,30,49,3,6,,
1250,2019-09-13,,1,12,27,42,47,6,7,,
1251,2019-09-17,,22,37,43,44,45,1,12,,
1252,2019-09-20,,8,21,25,38,50,4,8,,
1253,2019-09-24,,2,33,42,47,48,1,2,,
1254,2019-09-27,,24,37,41,43,46,2,8,,
1255,2019-10-01,,2,11,18,40,46,1,4,,
1256,2019-10-04,,6,9,35,41,44,6,9,,
1257,2019-10-08,,7,10,15,44,49,3,12,,
1258,2019-10-11,,2,14,19,42,45,5,6,,
1259,2019-10-15,,3,28,31,32,34,4,5,,
1260,2019-10-18,,8,18,22,41,42,11,12,,
1261,2019-10-22,,2,5,32,33,47,7,8,,
1262,2019-10-25,,34,37,39,40,50,4,10,,
1263,2019-10-29,,16,18,28,42,49,5,10,,
1264,2019-11-01,,2,20,39,44,48,5,7,,
1265,2019-11-05,,9,14,25,33,48,2,12,,
1266,2019-11-08,,8,17,20,23,45,2,8,,
1267,2019-11-12,,1,21,23,25,39,2,4,,
1268,2019-11-15,,3,13,20,32,34,4,11,,
1269,2019-11-19,,8,10,15,30,42,4,6,,
1270,2019-11-22,,3,21,32,34,48,3,11,,
1271,2019-11-26,,2,3,15,19,34,5,8,,
1272,2019-11-29,,3,7,12,42,50,6,8,,
1273,2019-12-03,,18,31,32,38,48,4,12,,
1274,2019-12-06,,1,3,27,39,46,1,10,,
1275,2019-12-10,,2,10,19,21,47,2,8,,
1276,2019-12-13,,9,16,18,23,32,2,10,,
1277,2019-12-17,,1,7,12,25,49,6,9,,
1278,2019-12-20,,8,24,30,32,34,3,4,,
1279,2019-12-24,,3,11,13,14,47,3,6,,
1280,2019-12-27,,1,7,22,26,35,5,10,,
1281,2019-12-31,,26,31,33,41,48,2,4,,
1282,2020-01-03,,5,15,20,36,47,8,12,,
1283,2020-01-07,,5,8,12,37,43,6,11,,
1284,2020-01-10,,6,17,32,44,46,2,6,,
1285,2020-01-14,,21,25,29,39,44,8,9,,
1286,2020-01-17,,8,19,20,29,44,3,8,,
1287,2020-01-21,,10,11,24,36,46,3,5,,
1288,2020-01-24,,3,4,6,9,24,5,8,,
1289,2020-01-28,,1,19,27,31,38,4,5,,
1290,2020-01-31,,13,18,20,23,30,2,4,,
1291,2020-02-04,,21,23,33,35,47,6,7,,
1292,2020-02-07,,9,15,17,25,40,3,9,,
1293,2020-02-11,,24,26,32,43,46,6,10,,
1294,2020-02-14,,5,20,35,41,49,6,10,,
1295,2020-02-18,,11,32,34,38,47,2,10,,
1296,2020-02-21,,7,23,30,32,45,5,9,,
1297,2020-02-25,,1,4,18,27,42,4,6,,
1298,2020-02-28,,8,11,20,22,23,3,4,,
1299,2020-03-03,,4,14,27,44,45,1,10,,
1300,2020-03-06,,15,38,43,45,46,1,11,,
1301,2020-03-10,,11,23,30,37,43,5,12,,
1302,2020-03-13,,3,11,21,27,36,9,10,,
1303,2020-03-17,,5,7,8,16,20,2,12,,
1304,2020-03-20,,3,9,20,34,40,6,12,,
1305,2020-03-24,,7,12,26,30,33,10,11,,
1306,2020-03-27,,11,14,27,41,46,2,3,,
1307,2020-03-31,,12,17,24,30,36,1,9,,
1308,2020-04-03,,16,19,34,46,50,2,6,,
1309,2020-04-07,,4,5,14,33,48,7,12,,
1310,2020-04-10,,3,10,17,33,39,1,4,,
1311,2020-04-14,,6,29,34,35,40,4,11,,
1312,2020-04-17,,16,28,32,37,45,1,11,,
1313,2020-04-21,,10,11,14,23,28,6,8,,
1314,2020-04-24,,1,5,19,21,28,4,7,,
1315,2020-04-28,,15,23,26,28,32,1,5,,
1316,2020-05-01,,19,20,38,45,47,2,6,,
1317,2020-05-05,,2,10,22,27,41,2,3,,
1318,2020-05-08,,8,25,32,33,38,7,9,,
1319,2020-05-12,,9,16,29,37,39,4,11,,
1320,2020-05-15,,11,23,32,34,39,1,6,,
1321,2020-05-19,,5,25,32,37,43,6,7,,
1322,2020-05-22,,3,18,22,27,32,2,7,,
1323,2020-05-26,,4,9,14,21,27,4,6,,
1324,2020-05-29,,4,8,11,19,46,4,8,,
1325,2020-06-02,,10,12,22,26,49,7,11,,
1326,2020-06-05,,5,11,17,24,37,3,6,,
1327,2020-06-09,,5,15,27,36,46,2,8,,
1328,2020-06-12,,2,24,39,45,46,4,8,,
1329,2020-06-16,,4,9,11,17,39,2,10,,
1330,2020-06-19,,5,14,19,24,43,3,11,,
1331,2020-06-23,,2,12,19,46,49,1,8,,
1332,2020-06-26,,1,10,12,21,26,5,11,,
1333,2020-06-30,,1,6,11,28,42,2,10,,
1334,2020-07-03,,4,16,27,37,39,3,6,,
1335,2020-07-07,,12,16,23,33,41,8,10,,
1336,2020-07-10,,15,17,23,30,38,2,7,,
1337,2020-07-14,,11,22,30,37,47,9,10,,
1338,2020-07-17,,7,15,27,41,43,7,9,,
1339,2020-07-21,,14,15,24,29,42,2,4,,
1340,2020-07-24,,8,9,27,28,50,4,12,,
1341,2020-07-28,,9,13,15,17,34,2,7,,
1342,2020-07-31,,21,24,30,46,49,2,5,,
1343,2020-08-04,,1,2,5,15,42,5,8,,
1344,2020-08-07,,5,20,21,36,41,6,11,,
1345,2020-08-11,,8,13,14,42,50,3,9,,
1346,2020-08-14,,9,10,19,42,49,4,12,,
1347,2020-08-18,,6,12,17,34,42,5,12,,
1348,2020-08-21,,10,15,35,44,50,3,5,,
1349,2020-08-25,,7,18,30,37,39,8,10,,
1350,2020-08-28,,7,12,16,17,31,7,9,,
1351,2020-09-01,,4,8,10,33,46,8,11,,
1352,2020-09-04,,6,22,29,40,43,4,7,,
1353,2020-09-08,,2,9,31,35,41,9,12,,
1354,2020-09-11,,34,38,42,43,45,9,12,,
1355,2020-09-15,,16,20,25,30,38,6,8,,
1356,2020-09-18,,2,10,19,25,45,1,7,,
1357,2020-09-22,,16,25,28,39,40,1,6,,
1358,2020-09-25,,19,23,34,37,45,1,7,,
1359,2020-09-29,,4,14,16,41,44,11,12,,
1360,2020-10-02,,6,12,15,40,45,3,9,,
1361,2020-10-06,,4,21,36,41,47,9,11,,
1362,2020-10-09,,11,15,35,41,50,5,8,,
1363,2020-10-13,,5,14,38,41,46,1,10,,
1364,2020-10-16,,15,33,38,40,50,3,6,,
1365,2020-10-20,,5,6,15,37,42,3,4,,
1366,2020-10-23,,10,15,19,21,23,3,12,,
1367,2020-10-27,,13,15,28,32,44,3,12,,
1368,2020-10-30,,12,16,20,21,28,3,9,,
1369,2020-11-03,,5,7,18,20,30,6,7,,
1370,2020-11-06,,7,12,37,40,50,1,2,,
1371,2020-11-10,,3,19,29,32,38,5,12,,
1372,2020-11-13,,1,5,17,28,31,1,10,,
1373,2020-11-17,,16,19,25,30,44,2,6,,
1374,2020-11-20,,28,29,39,48,50,5,7,,
1375,2020-11-24,,25,33,38,42,50,8,12,,
1376,2020-11-27,,2,5,8,14,16,8,9,,
1377,2020-12-01,,14,20,29,47,49,4,12,,
1378,2020-12-04,,14,20,27,34,38,1,11,,
1379,2020-12-08,,1,4,21,24,46,2,12,,
1380,2020-12-11,,6,9,13,24,41,3,12,,
1381,2020-12-15,,9,13,21,29,35,1,2,,
1382,2020-12-18,,2,3,13,17,21,7,8,,
1383,2020-12-22,,2,10,16,42,50,4,11,,
1384,2020-12-25,,16,21,27,30,32,3,5,,
1385,2020-12-29,,7,32,39,40,45,3,8,,
1386,2021-01-01,,16,28,32,44,48,1,9,,
1387,2021-01-05,,12,34,37,38,42,1,3,,
1388,2021-01-08,,18,23,37,41,42,4,6,,
1389,2021-01-12,,2,10,18,34,35,6,9,,
1390,2021-01-15,,4,10,27,38,40,3,11,,
1391,2021-01-19,,25,27,31,35,43,5,6,,
1392,2021-01-22,,8,16,42,44,47,6,7,,
1393,2021-01-26,,5,7,25,37,40,2,8,,
1394,2021-01-29,,1,5,27,36,42,1,6,,
1395,2021-02-02,,18,20,35,38,48,9,12,,
1396,2021-02-05,,12,19,37,44,45,2,6,,
1397,2021-02-09,,5,10,24,31,37,9,10,,
1398,2021-02-12,,7,23,30,32,36,8,12,,
1399,2021-02-16,,5,9,25,29,30,6,7,,
1400,2021-02-19,,4,12,25,46,48,7,12,,
1401,2021-02-23,,9,18,30,39,45,1,3,,
1402,2021-02-26,,6,12,22,29,33,6,11,,
1403,2021-03-02,,2,19,24,26,49,6,7,,
1404,2021-03-05,,4,5,39,46,48,7,10,,
1405,2021-03-09,,1,16,21,32,33,11,12,,
1406,2021-03-12,,4,6,9,11,44,10,11,,
1407,2021-03-16,,23,25,32,35,47,2,6,,
1408,2021-03-19,,3,9,35,43,44,1,10,,
1409,2021-03-23,,2,26,29,36,49,3,9,,
1410,2021-03-26,,10,12,37,49,50,3,8,,
1411,2021-03-30,,24,27,28,29,42,4,8,,
1412,2021-04-02,,4,21,34,40,47,2,5,,
1413,2021-04-06,,2,21,37,38,50,7,8,,
1414,2021-04-09,,2,8,32,35,44,8,11,,
1415,2021-04-13,,16,20,31,47,50,2,8,,
1416,2021-04-16,,6,11,29,40,48,5,9,,
1417,2021-04-20,,5,17,28,41,46,10,11,,
1418,2021-04-23,,3,14,15,19,29,2,8,,
1419,2021-04-27,,13,14,24,35,49,1,10,,
1420,2021-04-30,,1,16,24,28,46,2,11,,
1421,2021-05-04,,3,10,13,28,46,4,11,,
1422,2021-05-07,,14,22,33,38,47,8,9,,
1423,2021-05-11,,14,25,34,43,46,5,6,,
1424,2021-05-14,,6,16,18,29,38,6,11,,
1425,2021-05-18,,5,13,38,39,40,4,12,,
1426,2021-05-21,,2,9,13,15,35,3,10,,
1427,2021-05-25,,1,21,26,30,38,2,8,,
1428,2021-05-28,,11,13,16,34,40,1,12,,
1461,2021-06-01,,3,10,26,35,44,6,7,,
1462,2021-06-04,,7,20,36,40,46,2,4,,
1463,2021-06-08,,2,11,26,36,47,7,9,,
1464,2021-06-11,,9,17,21,33,39,7,11,,
1465,2021-06-15,,11,21,26,30,31,2,3,,
1466,2021-06-18,,11,20,27,30,41,3,5,,
1467,2021-06-22,,6,24,26,27,41,3,8,,
1468,2021-06-25,,1,29,30,33,36,3,12,,
1469,2021-06-29,,6,12,20,24,48,5,6,,
1470,2021-07-02,,9,14,29,38,49,7,10,,
1471,2021-07-06,,2,5,21,27,42,9,11,,
1472,2021-07-09,,6,19,36,37,49,4,11,,
1473,2021-07-13,,5,6,8,11,22,3,4,,
1474,2021-07-16,,5,16,42,47,49,3,11,,
1475,2021-07-20,,3,12,19,41,48,6,9,,
1476,2021-07-23,,23,24,26,34,50,2,4,,
1477,2021-07-27,,5,9,19,21,25,10,12,,
1510,2021-07-30,,10,23,33,35,37,5,10,,
1511,2021-08-03,,17,21,23,45,46,7,11,,
1512,2021-08-06,,7,14,21,26,32,4,12,,
1513,2021-08-10,,9,37,47,48,49,2,7,,
1514,2021-08-13,,6,12,44,47,49,8,12,,
1515,2021-08-17,,12,31,41,42,47,4,6,,
1516,2021-08-20,,3,9,19,20,23,9,11,,
1517,2021-08-24,,19,21,36,44,50,3,10,,
1518,2021-08-27,,2,3,31,46,50,8,12,,
1519,2021-08-31,,5,13,17,32,43,2,10,,
1520,2021-09-03,,5,7,13,29,35,3,7,,
1521,2021-09-07,,7,19,35,42,43,7,9,,
1522,2021-09-10,,1,6,7,18,28,2,8,,
1523,2021-09-14,,12,18,35,38,45,2,8,,
1524,2021-09-17,,5,7,8,10,34,1,9,,
1525,2021-09-21,,20,25,26,30,38,2,8,,
1526,2021-09-24,,2,12,20,27,41,10,12,,
1527,2021-09-28,,6,7,12,33,39,1,7,,
1528,2021-10-01,,1,15,19,26,48,6,12,,
1529,2021-10-05,,11,13,14,36,45,7,9,,
1530,2021-10-08,,1,10,23,42,46,3,5,,
1531,2021-10-12,,6,13,22,45,49,10,11,,
1532,2021-10-15,,21,26,31,34,49,2,5,,
1533,2021-10-19,,4,20,36,40,41,1,6,,
1534,2021-10-22,,12,17,22,33,39,2,12,,
1535,2021-10-26,,12,15,20,42,44,1,2,,
1536,2021-10-29,,10,15,28,32,49,3,9,,
1537,2021-11-02,,2,3,17,29,43,1,4,,
1538,2021-11-05,,2,12,25,30,41,8,11,,
1539,2021-11-09,,17,25,26,33,36,1,8,,
1540,2021-11-12,,2,9,15,47,50,6,9,,
1541,2021-11-16,,9,19,21,32,36,3,4,,
1574,2021-11-19,,22,26,38,47,50,2,6,,
1575,2021-11-23,,17,21,36,42,46,7,10,,
1576,2021-11-26,,1,20,41,42,50,3,7,,
1577,2021-11-30,,19,20,26,33,43,1,4,,
1578,2021-12-03,,21,22,29,32,46,9,10,,
1579,2021-12-07,,22,31,38,46,47,7,11,,
1580,2021-12-10,,11,21,33,38,42,2,8,,
1581,2021-12-14,,19,21,37,47,48,3,6,,
1582,2021-12-17,,1,2,15,30,35,2,7,,
1583,2021-12-21,,12,17,21,34,38,2,3,,
1584,2021-12-24,,2,26,28,34,41,5,10,,
1585,2021-12-28,,4,6,15,17,29,9,12,,
1586,2021-12-31,,7,22,25,43,49,6,7,,
1587,2022-01-04,,18,28,35,36,41,6,11,,
1588,2022-01-07,,2,14,37,44,50,7,11,,
1589,2022-01-11,,4,23,32,33,44,9,12,,
1590,2022-01-14,,6,17,25,31,46,9,12,,
1591,2022-01-18,,3,12,19,24,30,2,5,,
1592,2022-01-21,,5,14,35,36,39,7,12,,
1593,2022-01-25,,6,16,18,39,47,2,4,,
1594,2022-01-28,,10,25,29,34,45,9,10,,
1595,2022-02-01,,1,19,36,38,49,6,9,,
1596,2022-02-04,,3,25,38,43,49,3,7,,
1597,2022-02-08,,6,20,34,37,43,7,10,,
1598,2022-02-11,,13,18,38,42,45,7,11,,
1599,2022-02-15,,9,20,31,33,44,2,12,,
1600,2022-02-18,,25,38,41,43,50,6,10,,
1601,2022-02-22,,5,9,14,26,32,3,7,,
1602,2022-02-25,,10,13,24,30,42,1,5,,
1603,2022-03-01,,8,24,26,39,42,3,5,,
1604,2022-03-04,,6,20,40,42,43,10,12,,
1605,2022-03-08,,12,18,21,25,31,2,9,,
1606,2022-03-11,,12,19,22,23,48,2,6,,
1607,2022-03-15,,1,2,12,19,26,2,8,,
1608,2022-03-18,,1,9,14,17,43,6,12,,
1609,2022-03-22,,7,17,21,29,40,8,11,,
1610,2022-03-25,,6,10,24,27,29,5,12,,
1611,2022-03-29,,8,11,33,42,43,6,11,,
1612,2022-04-01,,2,7,21,31,45,4,10,,
1613,2022-04-05,,1,11,13,24,49,5,6,,
1614,2022-04-08,,1,15,16,38,45,4,11,,
1615,2022-04-12,,21,30,31,35,47,2,10,,
1616,2022-04-15,,6,24,30,32,48,5,6,,
1617,2022-04-19,,2,12,17,28,46,6,10,,
1618,2022-04-22,,6,11,21,35,36,1,9,,
1619,2022-04-26,,4,25,28,34,45,8,11,,
1620,2022-04-29,,10,11,20,36,37,3,7,,
1621,2022-05-03,,8,20,26,47,48,3,8,,
1622,2022-05-06,,3,8,18,24,40,3,11,,
1623,2022-05-10,,3,25,27,28,29,4,9,,
1624,2022-05-13,,3,11,17,45,48,4,8,,
1625,2022-05-17,,5,28,30,48,49,5,11,,
1626,2022-05-20,,8,22,23,32,50,3,9,,
1627,2022-05-24,,10,13,27,36,37,2,10,,
1628,2022-05-27,,15,23,28,34,48,3,5,,
1629,2022-05-31,,3,10,13,42,49,3,9,,
1630,2022-06-03,,12,28,29,34,48,9,11,,
1631,2022-06-07,,6,16,17,25,31,2,6,,
1632,2022-06-10,,17,26,36,37,40,9,12,,
1633,2022-06-14,,2,7,27,34,40,3,11,,
1634,2022-06-17,,19,21,22,31,38,7,11,,
1635,2022-06-21,,6,23,36,39,47,8,10,,
1636,2022-06-24,,10,17,28,44,50,8,12,,
1637,2022-06-28,,10,35,42,47,48,2,11,,
1652,2022-07-01,,6,18,24,34,46,3,12,,
1653,2022-07-05,,7,10,25,45,48,3,6,,
1654,2022-07-08,,28,31,35,43,46,4,7,,
1687,2022-07-12,,14,18,24,25,50,6,11,,
1688,2022-07-15,,9,17,29,38,39,7,10,,
1689,2022-07-19,,6,23,27,40,41,2,12,,
1690,2022-07-22,,16,18,29,32,50,4,11,,
1691,2022-07-26,,3,5,17,25,27,1,9,,
1724,2022-07-29,,3,23,38,43,48,3,8,,
1725,2022-08-02,,7,18,28,40,48,8,11,,
1726,2022-08-05,,3,29,33,35,44,8,10,,
1727,2022-08-09,,18,19,21,27,47,5,11,,
1728,2022-08-12,,14,17,34,35,42,6,10,,
1729,2022-08-16,,10,14,25,32,39,7,8,,
1730,2022-08-19,,2,9,13,19,38,2,6,,
1731,2022-08-23,,19,26,31,39,48,2,3,,
1732,2022-08-26,,22,23,25,38,44,11,12,,
1733,2022-08-30,,4,6,10,15,19,1,4,,
1734,2022-09-02,,7,12,13,20,45,3,12,,
1735,2022-09-06,,7,10,22,29,44,4,5,,
1736,2022-09-09,,17,23,24,26,27,4,9,,
1737,2022-09-13,,9,12,15,40,47,1,11,,
1738,2022-09-16,,10,27,36,45,49,3,4,,
1739,2022-09-20,,11,21,23,32,48,3,12,,
1740,2022-09-23,,14,15,22,35,48,3,8,,
1741,2022-09-27,,4,20,21,34,44,1,3,,
1742,2022-09-30,,1,2,11,16,26,3,12,,
1743,2022-10-04,,3,18,28,42,43,3,12,,
1744,2022-10-07,,26,27,42,45,50,1,12,,
1745,2022-10-11,,8,23,32,35,40,1,8,,
1778,2022-10-14,,24,28,29,34,48,3,7,,
1779,2022-10-18,,3,5,13,42,48,1,6,,
1780,2022-10-21,,25,26,28,38,40,1,6,,
1781,2022-10-25,,7,24,34,39,46,1,6,,
1782,2022-10-28,,14,16,21,28,35,1,11,,
1783,2022-11-01,,19,37,42,47,48,1,6,,
1784,2022-11-04,,2,11,37,45,47,2,3,,
1785,2022-11-08,,3,5,32,33,50,1,8,,
1786,2022-11-11,,2,19,24,25,44,2,10,,
1787,2022-11-15,,13,21,24,31,33,1,12,,
1788,2022-11-18,,13,16,19,35,41,1,11,,
1789,2022-11-22,,21,22,24,29,42,3,11,,
1790,2022-11-25,,19,21,35,37,39,2,6,,
1791,2022-11-29,,15,20,24,35,38,8,12,,
1792,2022-12-02,,12,21,35,39,45,6,11,,
1793,2022-12-06,,12,20,25,26,27,8,12,,
1794,2022-12-09,,8,27,31,46,50,1,3,,
1795,2022-12-13,,3,9,12,26,30,10,11,,
1796,2022-12-16,,2,15,19,35,44,2,7,,
1797,2022-12-20,,1,11,17,20,27,4,5,,
1798,2022-12-23,,16,17,23,26,35,5,11,,
1799,2022-12-27,,19,31,33,34,43,3,5,,
1800,2022-12-30,,17,34,42,47,48,1,9,,
1801,2023-01-03,,20,21,29,45,46,3,10,,
1802,2023-01-06,,16,31,35,44,45,4,12,,
1803,2023-01-10,,11,13,34,40,42,3,10,,
1804,2023-01-13,,4,13,25,33,37,5,10,,
1805,2023-01-17,,18,21,30,46,50,2,6,,
1806,2023-01-20,,3,6,13,40,42,7,11,,
1807,2023-01-24,,11,27,41,43,47,7,11,,
1808,2023-01-27,,8,9,15,19,31,10,12,,
1809,2023-01-31,,7,12,19,33,43,3,7,,
1810,2023-02-03,,2,14,17,32,45,3,10,,
1811,2023-02-07,,2,8,34,44,47,3,9,,
1812,2023-02-10,,3,13,25,36,47,3,8,,
1813,2023-02-14,,24,26,38,43,46,2,3,,
1814,2023-02-17,,8,23,27,42,45,1,9,,
1815,2023-02-21,,21,22,34,41,49,2,7,,
1816,2023-02-24,,7,23,34,42,48,1,3,,
1817,2023-02-28,,12,29,33,37,47,5,10,,
1818,2023-03-03,,3,6,8,24,50,10,11,,
1819,2023-03-07,,11,13,24,35,50,6,11,,
1820,2023-03-10,,9,16,37,38,48,2,7,,
1821,2023-03-14,,16,26,28,31,46,11,12,,
1822,2023-03-17,,5,15,26,37,49,8,11,,
1823,2023-03-21,,1,9,20,29,32,2,3,,
1824,2023-03-24,,5,12,25,36,46,6,10,,
1825,2023-03-28,,16,21,34,36,44,9,10,,
1826,2023-03-31,,16,18,28,34,47,5,10,,
1827,2023-04-04,,10,16,31,33,50,3,8,,
1828,2023-04-07,,5,26,28,36,46,6,12,,
1829,2023-04-11,,10,14,16,19,29,2,10,,
1830,2023-04-14,,4,11,37,44,49,6,7,,
1831,2023-04-18,,17,21,23,35,37,10,11,,
1832,2023-04-21,,7,8,18,33,42,2,8,,
1833,2023-04-25,,10,29,30,40,45,1,12,,
1834,2023-04-28,,11,13,16,23,34,1,10,,
1835,2023-05-02,,7,32,44,47,48,7,8,,
1836,2023-05-05,,3,8,18,34,49,3,7,,
1837,2023-05-09,,13,17,21,28,46,7,9,,
1838,2023-05-12,,9,10,13,39,44,4,6,,
1839,2023-05-16,,4,6,9,14,37,4,11,,
1840,2023-05-19,,18,27,34,41,49,3,9,,
1841,2023-05-23,,5,6,14,23,34,2,11,,
1842,2023-05-26,,15,25,37,38,41,1,7,,
1843,2023-05-30,,27,29,32,33,47,2,8,,
1844,2023-06-02,,3,12,15,25,43,10,11,,
1845,2023-06-06,,13,21,32,39,50,2,10,,
1846,2023-06-09,,18,26,36,41,50,11,12,,
1847,2023-06-13,,15,16,21,41,50,5,6,,
1848,2023-06-16,,7,26,34,41,44,9,11,,
1849,2023-06-20,,11,17,28,32,35,5,6,,
1850,2023-06-23,,1,3,11,33,46,10,11,,
1851,2023-06-27,,17,22,23,27,44,1,7,,
1852,2023-06-30,,1,6,25,29,36,7,10,,
1853,2023-07-04,,14,17,23,36,44,2,8,,
1854,2023-07-07,,2,11,12,19,38,4,8,,
1855,2023-07-11,,2,11,28,42,48,4,9,,
1856,2023-07-14,,5,8,29,35,48,5,6,,
1857,2023-07-18,,4,12,34,35,45,1,9,,
1858,2023-07-21,,7,31,33,35,36,7,10,,
1859,2023-07-25,,5,7,11,27,37,6,12,,
1860,2023-07-28,,7,32,33,34,38,6,9,,
1861,2023-08-01,,25,27,35,40,45,7,11,,
1862,2023-08-04,,15,20,31,44,48,1,3,,
1863,2023-08-08,,8,9,33,35,40,3,6,,
1864,2023-08-11,,4,6,10,13,34,3,5,,
1865,2023-08-15,,3,5,9,32,43,6,10,,
1866,2023-08-18,,23,25,30,44,47,9,12,,
1867,2023-08-22,,2,9,23,32,40,6,7,,
1868,2023-08-25,,16,17,34,35,44,5,10,,
1869,2023-08-29,,21,23,32,40,49,8,11,,
1870,2023-09-01,,4,5,35,37,43,5,6,,
1871,2023-09-05,,1,7,24,41,48,10,12,,
1872,2023-09-08,,10,20,21,26,33,3,4,,
1873,2023-09-12,,5,14,36,40,42,2,11,,
1874,2023-09-15,,12,14,21,45,48,8,11,,
1875,2023-09-19,,10,15,31,41,42,2,5,,
1876,2023-09-22,,3,23,24,34,35,5,8,,
1877,2023-09-26,,2,6,14,19,23,5,7,,
1878,2023-09-29,,9,11,13,21,32,2,7,,
1879,2023-10-03,,6,20,22,24,45,4,5,,
1880,2023-10-06,,21,29,31,34,43,2,9,,
1881,2023-10-10,,18,20,22,33,43,3,9,,
1882,2023-10-13,,21,26,28,40,41,2,4,,
1883,2023-10-17,,10,17,20,35,40,3,4,,
1884,2023-10-20,,2,20,28,40,45,1,5,,
1885,2023-10-24,,8,16,18,31,34,6,9,,
1886,2023-10-27,,29,33,35,48,49,3,8,,
1887,2023-10-31,,5,7,20,40,50,2,10,,
1888,2023-11-03,,8,21,31,39,47,5,9,,
1889,2023-11-07,,8,10,11,30,39,4,10,,
1890,2023-11-10,,10,21,30,38,42,2,12,,
1891,2023-11-14,,13,16,36,44,50,3,5,,
1892,2023-11-17,,2,24,26,46,50,2,7,,
1893,2023-11-21,,19,29,34,46,47,2,3,,
1894,2023-11-24,,15,20,29,39,48,1,7,,
1895,2023-11-28,,12,16,27,33,44,7,8,,
1896,2023-12-01,,4,10,14,38,50,9,12,,
1897,2023-12-05,,4,6,20,24,25,5,9,,
1898,2023-12-08,,17,30,42,48,50,4,8,,
1899,2023-12-12,,6,28,37,39,43,9,12,,
1900,2023-12-15,,2,13,37,38,48,5,9,,
1901,2023-12-19,,10,20,41,43,45,2,12,,
1902,2023-12-22,,6,14,34,44,49,4,12,,
1903,2023-12-26,,8,27,30,35,47,9,10,,
1904,2023-12-29,,2,3,19,36,37,6,9,,
1905,2024-01-02,,7,15,18,46,49,10,12,,
1906,2024-01-05,,4,7,18,39,50,3,8,,
1907,2024-01-09,,2,9,12,39,40,1,3,,
1908,2024-01-12,,16,17,18,45,49,9,12,,
1909,2024-01-16,,10,18,21,33,45,8,12,,
1910,2024-01-19,,27,28,44,48,50,7,12,,
1911,2024-01-23,,14,23,39,48,50,3,12,,
1912,2024-01-26,,8,19,32,41,42,9,12,,
1913,2024-01-30,,5,10,19,27,30,5,6,,
1914,2024-02-02,,13,20,23,27,42,5,9,,
1915,2024-02-06,,2,7,21,28,45,5,11,,
1916,2024-02-09,,23,24,35,37,45,9,12,,
1917,2024-02-13,,13,17,18,20,46,4,9,,
1918,2024-02-16,,8,13,14,24,26,1,2,,
1919,2024-02-20,,23,31,37,42,48,3,7,,
1920,2024-02-23,,24,27,28,30,49,1,12,,
1921,2024-02-27,,3,4,9,12,20,5,6,,
1922,2024-03-01,,4,7,19,20,34,2,4,,
1923,2024-03-05,,2,15,17,23,36,3,8,,
1924,2024-03-08,,8,11,12,16,44,4,7,,
1925,2024-03-12,,13,19,30,38,46,4,12,,
1926,2024-03-15,,1,4,31,34,40,4,5,,
1927,2024-03-19,,7,16,18,20,32,1,3,,
1928,2024-03-22,,8,11,23,32,44,9,10,,
1929,2024-03-26,,2,13,14,26,29,5,6,,
1930,2024-03-29,,16,17,35,36,49,1,10,,
1931,2024-04-02,,1,23,31,36,48,5,8,,
1932,2024-04-05,,13,18,26,35,37,8,11,,
1933,2024-04-09,,19,23,26,27,46,2,10,,
1934,2024-04-12,,2,3,12,16,45,2,11,,
1935,2024-04-16,,22,29,31,39,46,3,7,,
1936,2024-04-19,,10,20,40,44,46,1,3,,
1937,2024-04-23,,6,9,11,32,49,2,10,,
1938,2024-04-26,,2,20,39,40,47,4,8,,
1939,2024-04-30,,13,22,24,33,47,1,5,,
1940,2024-05-03,,6,9,10,30,49,3,4,,
1941,2024-05-07,,35,36,41,42,45,6,11,,
1942,2024-05-10,,13,28,29,44,48,4,12,,
1943,2024-05-14,,2,8,17,28,35,7,9,,
1944,2024-05-17,,18,31,32,41,46,1,10,,
1945,2024-05-21,,11,13,14,34,48,7,9,,
1946,2024-05-24,,9,12,18,22,50,1,3,,
1947,2024-05-28,,16,18,35,36,41,6,7,,
1948,2024-05-31,,4,7,16,33,34,7,8,,
1949,2024-06-04,,6,7,9,14,43,3,4,,
1950,2024-06-07,,15,16,26,30,37,5,8,,
1951,2024-06-11,,7,15,34,45,48,7,9,,
1952,2024-06-14,,2,13,16,24,32,1,7,,
1953,2024-06-18,,3,11,33,34,36,1,12,,
1954,2024-06-21,,3,4,7,11,17,3,12,,
1955,2024-06-25,,14,16,37,45,49,5,7,,
1956,2024-06-28,,10,16,18,22,35,1,10,,
1957,2024-07-02,,2,7,34,35,46,6,8,,
1958,2024-07-05,,11,13,29,31,47,1,11,,
1959,2024-07-09,,6,15,19,28,39,7,11,,
1960,2024-07-12,,12,18,24,25,39,8,10,,
1961,2024-07-16,,2,32,35,36,39,7,8,,
1962,2024-07-19,,15,22,35,44,48,6,7,,
1963,2024-07-23,,4,8,10,16,34,4,8,,
1964,2024-07-26,,4,19,23,35,37,4,8,,
1965,2024-07-30,,9,25,28,37,38,2,8,,
1966,2024-08-02,,5,7,12,33,46,3,12,,
1967,2024-08-06,,1,18,27,41,50,2,12,,
1968,2024-08-09,,21,23,25,33,44,4,10,,
1969,2024-08-13,,15,16,39,40,47,1,6,,
1970,2024-08-16,,15,17,29,45,49,1,10,,
1971,2024-08-20,,7,10,13,18,26,3,12,,
1972,2024-08-23,,9,15,24,47,50,8,9,,
1973,2024-08-27,,1,8,11,42,47,4,11,,
1974,2024-08-30,,3,24,27,33,42,4,6,,
1975,2024-09-03,,7,9,11,16,45,2,5,,
1976,2024-09-06,,12,14,34,41,47,3,4,,
1977,2024-09-10,,6,29,46,47,48,2,9,,
1978,2024-09-13,,10,15,17,31,42,4,12,,
1979,2024-09-17,,20,30,32,41,44,1,10,,
1980,2024-09-20,,16,25,29,34,37,3,7,,
1981,2024-09-24,,18,20,21,36,49,3,5,,
1982,2024-09-27,,7,20,21,27,38,5,12,,
1983,2024-10-01,,8,22,29,41,42,9,11,,
1984,2024-10-04,,4,8,16,17,20,1,6,,
1985,2024-10-08,,7,14,19,34,40,6,8,,
1986,2024-10-11,,16,23,32,46,49,4,5,,
1987,2024-10-15,,2,15,32,36,48,3,9,,
1988,2024-10-18,,4,15,23,30,39,1,12,,
1989,2024-10-22,,3,13,27,30,46,1,2,,
1990,2024-10-25,,4,17,20,25,45,8,9,,
1991,2024-10-29,,1,2,19,30,45,10,12,,
1992,2024-11-01,,7,33,38,44,50,2,7,,
1993,2024-11-05,,1,8,19,37,50,6,9,,
1994,2024-11-08,,2,33,35,42,48,1,3,,
1995,2024-11-12,,10,11,12,22,50,1,10,,
1996,2024-11-15,,7,8,34,39,44,2,6,,
3943,2024-11-19,,4,13,20,28,49,7,12,,
3944,2024-11-22,,10,11,12,29,31,8,11,,
3945,2024-11-26,,7,11,25,31,40,9,12,,
3946,2024-11-29,,8,17,18,29,43,5,9,,
3947,2024-12-03,,23,25,34,46,47,6,8,,
3948,2024-12-06,,14,25,39,44,47,6,10,,
3949,2024-12-10,,5,24,25,29,47,5,9,,
3950,2024-12-13,,1,15,25,42,50,4,10,,
3951,2024-12-17,,1,3,4,21,29,2,7,,
3952,2024-12-20,,10,14,21,33,50,6,9,,
3953,2024-12-24,,6,10,16,23,24,11,12,,
3954,2024-12-27,,12,22,27,33,45,4,8,,
3955,2024-12-31,,19,24,26,28,33,8,12,,
3956,2025-01-03,,3,19,29,35,37,1,9,,
3957,2025-01-07,,20,33,35,41,47,4,12,,
3958,2025-01-10,,12,27,36,37,42,6,7,,
3959,2025-01-14,,18,20,29,41,48,5,9,,
3960,2025-01-17,,8,15,24,35,42,6,8,,
3961,2025-01-21,,6,8,14,27,41,4,5,,
3962,2025-01-24,,2,11,19,30,49,3,8,,
3963,2025-01-28,,9,37,41,42,49,1,9,,
3964,2025-01-31,,22,30,41,44,49,2,7,,
3965,2025-02-04,,3,4,29,39,43,5,10,,
3966,2025-02-07,,10,23,24,29,45,8,10,,
3967,2025-02-11,,3,21,36,41,46,1,6,,
3968,2025-02-14,,4,14,31,36,38,3,10,,
3969,2025-02-18,,5,14,25,26,40,5,7,,
3970,2025-02-21,,1,3,11,20,43,2,11,,
3971,2025-02-25,,17,22,23,24,44,6,11,,
3972,2025-02-28,,7,16,31,43,46,5,9,,
3973,2025-03-04,,15,20,29,35,42,2,9,,
3974,2025-03-07,,6,10,27,32,48,3,8,,
3975,2025-03-11,,13,36,37,42,47,7,11,,
3976,2025-03-14,,8,10,33,35,49,2,9,,
3977,2025-03-18,,4,9,35,46,50,8,11,,
3978,2025-03-21,,9,17,18,21,50,5,12,,
3979,2025-03-25,,1,3,18,33,36,2,6,,
3980,2025-03-28,,10,21,30,42,45,1,9,,
3981,2025-04-01,,9,24,30,46,49,4,12,,
3982,2025-04-04,,27,39,41,45,50,5,7,,
3983,2025-04-08,,3,14,15,48,49,1,7,,
3984,2025-04-11,,14,28,34,46,49,3,8,,
3985,2025-04-15,,3,31,33,38,44,6,12,,
3986,2025-04-18,,20,27,35,39,48,3,8,,
3987,2025-04-22,,7,28,33,37,47,9,12,,
3988,2025-04-25,,13,22,32,39,41,1,12,,
3989,2025-04-29,,2,9,24,30,41,1,11,,
3990,2025-05-02,,3,5,19,21,49,1,10,,
3991,2025-05-06,,8,23,24,47,48,4,9,,
3992,2025-05-09,,15,18,25,29,47,5,9,,
3993,2025-05-13,,9,19,44,47,50,2,9,,
3994,2025-05-16,,6,9,25,37,46,6,12,,
3995,2025-05-20,,1,8,13,29,47,5,6,,
3996,2025-05-23,,10,29,43,46,49,7,12,,
3997,2025-05-27,,12,30,38,40,41,4,12,,
3998,2025-05-30,,4,7,14,33,36,1,5,,
3999,2025-06-03,,12,15,38,47,48,5,7,,
4000,2025-06-06,,20,21,29,30,35,2,12,,
4001,2025-06-10,,19,36,39,40,45,5,6,,
4002,2025-06-13,,2,28,40,43,45,3,7,,
4003,2025-06-17,,13,22,23,44,49,3,5,,
4004,2025-06-20,,5,8,24,37,47,3,9,,
4005,2025-06-24,,7,16,21,23,39,7,11,,
4006,2025-06-27,,19,27,36,45,49,7,10,,
4007,2025-07-01,,1,17,28,32,34,7,8,,
4008,2025-07-04,,19,29,42,45,48,5,7,,
4009,2025-07-08,,1,8,9,18,50,1,5,,
4010,2025-07-11,,8,23,24,45,49,2,10,,
4011,2025-07-15,,24,38,41,45,49,1,6,,
4012,2025-07-18,,13,19,25,42,45,2,9,,
4013,2025-07-22,,8,15,26,33,41,9,10,,
4014,2025-07-25,,6,7,23,32,36,11,12,,
4015,2025-07-29,,5,6,42,44,46,4,8,,
4016,2025-08-01,,4,16,25,29,30,2,10,,
4017,2025-08-05,,1,3,5,42,47,5,10,,
4018,2025-08-08,,2,12,19,34,44,6,10,,
4019,2025-08-12,,18,28,42,46,48,3,9,,
